Country,Year,Political Contestation,FH_civ,Eligible population,Democracy decrease,Year
Albania,2001,0.668635022,4,0.816626148,False,2001
Albania,2002,0.668635022,3,0.816626148,False,2002
Albania,2003,0.668635022,3,0.816626148,False,2003
Albania,2004,0.668635022,3,0.816626148,False,2004
Albania,2005,0.847008945,3,0.946727263,False,2005
Albania,2006,0.847008945,3,0.946727263,False,2006
Albania,2007,0.847008945,3,0.946727263,False,2007
Albania,2008,0.847008945,3,0.946727263,False,2008
Albania,2009,0.847008945,3,1.053675253,False,2009
Albania,2010,0.847008945,3,1.053675253,False,2010
Albania,2011,0.847008945,3,1.053675253,False,2011
Albania,2012,0.847008945,3,1.053675253,False,2012
Albania,2013,0.847008945,3,1.130161266,False,2013
Australia,1993,0.655559606,1,0.645581808,False,1993
Australia,1994,0.655559606,1,0.645581808,False,1994
Australia,1995,0.655559606,1,0.645581808,False,1995
Australia,1996,0.68788558,1,0.644209442,False,1996
Australia,1997,0.68788558,1,0.644209442,False,1997
Australia,1998,0.710925477,1,0.653177215,False,1998
Australia,1999,0.710925477,1,0.653177215,False,1999
Australia,2000,0.710925477,1,0.653177215,False,2000
Australia,2001,0.708662629,1,0.659371429,False,2001
Australia,2002,0.708662629,1,0.659371429,False,2002
Australia,2003,0.708662629,1,0.659371429,False,2003
Australia,2004,0.708662629,1,0.657160952,False,2004
Australia,2005,0.708662629,1,0.657160952,False,2005
Australia,2006,0.708662629,1,0.657160952,False,2006
Australia,2007,0.708662629,1,0.655213477,False,2007
Australia,2008,0.708662629,1,0.655213477,False,2008
Australia,2009,0.708662629,1,0.655213477,False,2009
Australia,2010,0.708662629,1,0.639384005,False,2010
Australia,2011,0.708662629,1,0.639384005,False,2011
Austria,1972,0.560591794,1,0.664549243,False,1972
Austria,1973,0.560591794,1,0.664549243,False,1973
Austria,1974,0.560591794,1,0.662177442,False,1974
Austria,1975,0.558255709,1,0.66223773,False,1975
Austria,1976,0.558255709,1,0.66223773,False,1976
Austria,1977,0.558255709,1,0.66223773,False,1977
Austria,1978,0.558255709,1,0.66223773,False,1978
Austria,1979,0.560256305,1,0.687026844,False,1979
Austria,1980,0.560256305,1,0.69085979,False,1980
Austria,1983,0.583061996,1,0.703049782,False,1983
Austria,1984,0.583061996,1,0.703049782,False,1984
Austria,1985,0.583061996,1,0.703049782,False,1985
Austria,1986,0.63173583,1,0.721460406,False,1986
Austria,1987,0.63173583,1,0.721460406,False,1987
Austria,1988,0.63173583,1,0.721460406,False,1988
Austria,1989,0.63173583,1,0.721460406,False,1989
Austria,1990,0.68372865,1,0.733135916,False,1990
Austria,1991,0.68372865,1,0.733135916,False,1991
Austria,1992,0.68372865,1,0.723989064,False,1992
Austria,1993,0.68372865,1,0.723989064,False,1993
Austria,1994,0.741915185,1,0.727521025,False,1994
Austria,1995,0.766952015,1,0.725722888,False,1995
Austria,1996,0.766952015,1,0.728769939,False,1996
Austria,1997,0.766952015,1,0.728769939,False,1997
Austria,1998,0.766952015,1,0.733187736,False,1998
Austria,1999,0.73830058,1,0.730493248,False,1999
Austria,2000,0.73830058,1,0.730493248,False,2000
Austria,2001,0.73830058,1,0.730493248,False,2001
Austria,2002,0.668652865,1,0.731538092,False,2002
Austria,2003,0.668652865,1,0.731538092,False,2003
Austria,2004,0.668652865,1,0.738052433,False,2004
Austria,2005,0.668652865,1,0.738052433,False,2005
Austria,2006,0.730258778,1,0.738634576,False,2006
Austria,2007,0.730258778,1,0.738634576,False,2007
Austria,2008,0.792887803,1,0.761028037,False,2008
Austria,2009,0.792887803,1,0.762661649,False,2009
Austria,2010,0.792887803,1,0.75991889,False,2010
Austria,2011,0.792887803,1,0.75991889,False,2011
Austria,2012,0.792887803,1,0.75991889,False,2012
Austria,2013,0.792887803,1,0.752894484,False,2013
Belgium,1978,0.872092385,1,0.647034544,False,1978
Belgium,1979,0.872092385,1,0.690496646,False,1979
Belgium,1980,0.872092385,1,0.690496646,False,1980
Belgium,1983,0.892116707,1,0.697661463,False,1983
Belgium,1984,0.892116707,1,0.707835943,False,1984
Belgium,1985,0.88164886,1,0.710162228,False,1985
Belgium,1986,0.88164886,1,0.710162228,False,1986
Belgium,1987,0.877089628,1,0.713157226,False,1987
Belgium,1988,0.877089628,1,0.713157226,False,1988
Belgium,1989,0.877089628,1,0.714108318,False,1989
Belgium,1990,0.877089628,1,0.714108318,False,1990
Belgium,1991,0.898094322,1,0.714154552,False,1991
Belgium,1992,0.898094322,1,0.714154552,False,1992
Belgium,1993,0.898094322,1,0.714154552,False,1993
Belgium,1994,0.898094322,1,0.712910973,False,1994
Belgium,1995,0.894321868,1,0.710212097,False,1995
Belgium,1996,0.894321868,2,0.710212097,False,1996
Belgium,1997,0.894321868,2,0.710212097,False,1997
Belgium,1998,0.894321868,2,0.710212097,False,1998
Belgium,1999,0.902648442,2,0.718068171,False,1999
Belgium,2000,0.902648442,2,0.718068171,False,2000
Belgium,2001,0.902648442,2,0.718068171,False,2001
Belgium,2002,0.902648442,1,0.718068171,True,2002
Belgium,2003,0.893155771,1,0.729371034,True,2003
Belgium,2004,0.893155771,1,0.724682566,True,2004
Belgium,2005,0.893155771,1,0.724682566,True,2005
Belgium,2006,0.893155771,1,0.724682566,True,2006
Belgium,2007,0.889411129,1,0.726612802,False,2007
Belgium,2008,0.889411129,1,0.726612802,False,2008
Belgium,2009,0.889411129,1,0.718767386,False,2009
Belgium,2010,0.889411129,1,0.712871637,False,2010
Belgium,2011,0.889411129,1,0.712871637,False,2011
Belgium,2012,0.889411129,1,0.712871637,False,2012
Belgium,2013,0.889411129,1,0.712871637,False,2013
Bolivia,1985,0.781751032,3,0.330199778,False,1985
Bolivia,1986,0.781751032,3,0.330199778,False,1986
Bolivia,1987,0.781751032,3,0.330199778,False,1987
Bolivia,1988,0.781751032,3,0.330199778,False,1988
Bolivia,1989,0.800267817,3,0.307456776,False,1989
Bolivia,1990,0.800267817,3,0.307456776,False,1990
Bolivia,1991,0.800267817,3,0.307456776,False,1991
Bolivia,1992,0.800267817,3,0.307456776,False,1992
Bolivia,1993,0.785708411,3,0.318015459,False,1993
Bolivia,1994,0.785708411,3,0.318015459,False,1994
Bolivia,1995,0.785708411,4,0.318015459,False,1995
Bolivia,1996,0.785708411,3,0.318015459,False,1996
Bolivia,1997,0.83770507,3,0.399709839,False,1997
Bolivia,1998,0.83770507,3,0.399709839,True,1998
Bolivia,1999,0.83770507,3,0.399709839,True,1999
Bolivia,2000,0.83770507,3,0.399709839,True,2000
Bolivia,2001,0.83770507,3,0.399709839,True,2001
Bolivia,2002,0.882958002,3,0.466818987,True,2002
Bolivia,2003,0.882958002,3,0.466818987,False,2003
Bolivia,2004,0.882958002,3,0.466818987,True,2004
Bolivia,2005,0.882958002,3,0.391480545,True,2005
Bolivia,2006,0.882958002,3,0.391480545,True,2006
Bolivia,2007,0.882958002,3,0.391480545,True,2007
Bolivia,2008,0.882958002,3,0.391480545,True,2008
Bolivia,2009,0.882958002,3,0.511330527,False,2009
Bolivia,2010,0.882958002,3,0.511330527,False,2010
Bolivia,2011,0.882958002,3,0.511330527,False,2011
Bolivia,2012,0.882958002,3,0.511330527,False,2012
Botswana,1999,0.589622249,2,0.271752352,False,1999
Botswana,2000,0.589622249,2,0.271752352,False,2000
Botswana,2001,0.589622249,2,0.271752352,False,2001
Botswana,2002,0.589622249,2,0.271752352,False,2002
Botswana,2003,0.589622249,2,0.271752352,False,2003
Botswana,2004,0.589622249,2,0.297377685,False,2004
Botswana,2005,0.589622249,2,0.297377685,False,2005
Botswana,2006,0.589622249,2,0.297377685,False,2006
Botswana,2007,0.589622249,2,0.297377685,False,2007
Botswana,2008,0.589622249,2,0.297377685,False,2008
Botswana,2009,0.589622249,2,0.353151219,False,2009
Bulgaria,1994,0.740137185,2,0.828797217,False,1994
Bulgaria,1995,0.740137185,2,0.828797217,False,1995
Bulgaria,1996,0.740137185,3,0.806704646,False,1996
Bulgaria,1997,0.666535047,3,0.876963469,False,1997
Bulgaria,1998,0.666535047,3,0.876963469,False,1998
Bulgaria,1999,0.666535047,3,0.876963469,False,1999
Bulgaria,2000,0.666535047,3,0.876963469,False,2000
Bulgaria,2001,0.74625569,3,0.863542865,False,2001
Bulgaria,2002,0.74625569,2,0.863542865,False,2002
Bulgaria,2003,0.74625569,2,0.863542865,False,2003
Bulgaria,2004,0.74625569,2,0.863542865,False,2004
Bulgaria,2005,0.827572669,2,0.877574685,False,2005
Bulgaria,2006,0.827572669,2,0.851178791,False,2006
Bulgaria,2007,0.827572669,2,0.886934112,False,2007
Bulgaria,2008,0.827572669,2,0.886934112,False,2008
Bulgaria,2009,0.827572669,2,0.957750082,False,2009
Bulgaria,2010,0.827572669,2,0.957750082,False,2010
Bulgaria,2011,0.827572669,2,0.94037648,False,2011
Bulgaria,2012,0.827572669,2,0.94037648,False,2012
Bulgaria,2013,0.827572669,2,0.952461828,False,2013
Canada,1972,0.69300636,1,0.581026605,False,1972
Canada,1973,0.69300636,1,0.581026605,False,1973
Canada,1974,0.661984636,1,0.597209229,False,1974
Canada,1975,0.661984636,1,0.597209229,False,1975
Canada,1976,0.661984636,1,0.597209229,False,1976
Canada,1977,0.661984636,1,0.597209229,False,1977
Canada,1978,0.661984636,1,0.597209229,False,1978
Canada,1979,0.676941734,1,0.629485011,False,1979
Canada,1980,0.65858046,1,0.648154951,False,1980
Canada,1983,0.65858046,1,0.648154951,False,1983
Canada,1984,0.636058826,1,0.655100159,False,1984
Canada,1985,0.636058826,1,0.655100159,False,1985
Canada,1986,0.636058826,1,0.655100159,False,1986
Canada,1987,0.636058826,1,0.655100159,False,1987
Canada,1988,0.671017113,1,0.658413447,False,1988
Canada,1989,0.671017113,1,0.658413447,False,1989
Canada,1990,0.671017113,1,0.658413447,False,1990
Canada,1991,0.671017113,1,0.658413447,False,1991
Canada,1992,0.671017113,1,0.658413447,False,1992
Canada,1993,0.745328559,1,0.693987118,False,1993
Canada,1994,0.745328559,1,0.693987118,False,1994
Canada,1995,0.745328559,1,0.693987118,False,1995
Canada,1996,0.745328559,1,0.693987118,False,1996
Canada,1997,0.75536711,1,0.657518978,False,1997
Canada,1998,0.75536711,1,0.657518978,False,1998
Canada,1999,0.75536711,1,0.657518978,False,1999
Canada,2000,0.733506979,1,0.692314406,False,2000
Canada,2001,0.733506979,1,0.692314406,False,2001
Canada,2002,0.733506979,1,0.692314406,False,2002
Canada,2003,0.733506979,1,0.692314406,False,2003
Canada,2004,0.733506979,1,0.703342727,False,2004
Canada,2005,0.733506979,1,0.703342727,False,2005
Canada,2006,0.733506979,1,0.707788643,False,2006
Canada,2007,0.733506979,1,0.707788643,False,2007
Canada,2008,0.733506979,1,0.703891808,False,2008
Canada,2009,0.733506979,1,0.703891808,False,2009
Canada,2010,0.733506979,1,0.703891808,False,2010
Colombia,1972,0.499666926,2,0.366703345,False,1972
Colombia,1973,0.499666926,2,0.366703345,False,1973
Colombia,1974,0.577697502,2,0.389801285,False,1974
Colombia,1975,0.577697502,3,0.389801285,False,1975
Colombia,1976,0.577697502,3,0.389801285,False,1976
Colombia,1977,0.577697502,3,0.389801285,False,1977
Colombia,1978,0.538509712,3,0.500690963,False,1978
Colombia,1979,0.538509712,3,0.500690963,False,1979
Colombia,1980,0.538509712,3,0.500690963,False,1980
Colombia,1983,0.519190222,3,0.500634757,False,1983
Colombia,1984,0.519190222,3,0.500634757,False,1984
Colombia,1985,0.519190222,3,0.500634757,False,1985
Colombia,1986,0.624545797,3,0.528736061,False,1986
Colombia,1987,0.624545797,3,0.528736061,False,1987
Colombia,1988,0.624545797,3,0.528736061,False,1988
Colombia,1989,0.624545797,4,0.528736061,False,1989
Colombia,1990,0.624545797,4,0.423081417,True,1990
Colombia,1991,0.624545797,4,0.451948798,True,1991
Colombia,1992,0.624545797,4,0.451948798,True,1992
Colombia,1993,0.624545797,4,0.451948798,True,1993
Colombia,1994,0.624545797,4,0.48177659,True,1994
Colombia,1995,0.624545797,4,0.48177659,False,1995
Colombia,1996,0.624545797,4,0.48177659,False,1996
Colombia,1998,0.741691622,4,0.527086807,False,1998
Colombia,1999,0.741691622,4,0.527086807,False,1999
Colombia,2000,0.741691622,4,0.527086807,False,2000
Colombia,2001,0.741691622,4,0.527086807,False,2001
Colombia,2002,0.741691622,4,0.59331979,False,2002
Colombia,2003,0.741691622,4,0.59331979,False,2003
Colombia,2004,0.741691622,4,0.59331979,False,2004
Colombia,2005,0.741691622,3,0.59331979,False,2005
Colombia,2006,0.741691622,3,0.621738013,False,2006
Colombia,2007,0.741691622,3,0.621738013,False,2007
Colombia,2008,0.741691622,4,0.621738013,False,2008
Costa Rica,1972,0.60909341,1,0.36391806,False,1972
Costa Rica,1973,0.60909341,1,0.36391806,False,1973
Costa Rica,1974,0.75045709,1,0.425124261,False,1974
Costa Rica,1975,0.75045709,1,0.425124261,False,1975
Costa Rica,1976,0.75045709,1,0.425124261,False,1976
Costa Rica,1977,0.75045709,1,0.425124261,False,1977
Costa Rica,1978,0.653024337,1,0.462973613,False,1978
Costa Rica,1979,0.653024337,1,0.462973613,False,1979
Costa Rica,1980,0.653024337,1,0.462973613,False,1980
Costa Rica,1983,0.60538321,1,0.494437275,False,1983
Costa Rica,1984,0.60538321,1,0.494437275,False,1984
Costa Rica,1985,0.60538321,1,0.494437275,False,1985
Costa Rica,1986,0.597517334,1,0.521950301,False,1986
Costa Rica,1987,0.597517334,1,0.521950301,False,1987
Costa Rica,1988,0.597517334,1,0.521950301,False,1988
Costa Rica,1989,0.597517334,1,0.521950301,False,1989
Costa Rica,1990,0.608773597,1,0.53576601,False,1990
Costa Rica,1991,0.608773597,1,0.53576601,False,1991
Costa Rica,1992,0.608773597,1,0.53576601,False,1992
Costa Rica,1993,0.608773597,2,0.53576601,False,1993
Costa Rica,1994,0.634046526,2,0.539212961,False,1994
Costa Rica,1995,0.634046526,2,0.539212961,False,1995
Costa Rica,1996,0.634046526,2,0.539212961,False,1996
Costa Rica,1997,0.634046526,2,0.539212961,False,1997
Costa Rica,1998,0.702722997,2,0.535372122,False,1998
Costa Rica,1999,0.702722997,2,0.535372122,False,1999
Costa Rica,2000,0.702722997,2,0.535372122,False,2000
Costa Rica,2001,0.702722997,2,0.535372122,False,2001
Costa Rica,2002,0.778728941,2,0.552970556,False,2002
Costa Rica,2003,0.778728941,2,0.552970556,False,2003
Costa Rica,2004,0.778728941,1,0.552970556,False,2004
Costa Rica,2005,0.778728941,1,0.552970556,False,2005
Costa Rica,2006,0.778728941,1,0.492550347,False,2006
Costa Rica,2007,0.778728941,1,0.492550347,False,2007
Costa Rica,2008,0.778728941,1,0.492550347,False,2008
Costa Rica,2009,0.778728941,1,0.492550347,False,2009
Costa Rica,2010,0.778728941,1,0.610657581,False,2010
Costa Rica,2011,0.778728941,1,0.610657581,False,2011
Costa Rica,2012,0.778728941,1,0.610657581,False,2012
Croatia,2000,0.837567476,3,0.824742646,False,2000
Croatia,2001,0.837567476,2,0.824742646,False,2001
Croatia,2002,0.837567476,2,0.824742646,False,2002
Croatia,2003,0.87007802,2,0.949854805,False,2003
Croatia,2004,0.87007802,2,0.949854805,False,2004
Croatia,2005,0.87007802,2,1.01902906,False,2005
Croatia,2006,0.87007802,2,1.01902906,False,2006
Croatia,2007,0.757629706,2,0.981328746,False,2007
Croatia,2008,0.757629706,2,0.981328746,False,2008
Croatia,2009,0.757629706,2,0.981328746,False,2009
Croatia,2010,0.757629706,2,1.046566925,False,2010
Croatia,2011,0.757629706,2,1.052156455,False,2011
Croatia,2012,0.757629706,2,1.052156455,False,2012
Croatia,2013,0.757629706,2,0.880853191,False,2013
Cyprus,1983,0.744239633,2,0.449266871,False,1983
Cyprus,1984,0.744239633,2,0.449266871,False,1984
Cyprus,1985,0.723413633,2,0.473524157,False,1985
Cyprus,1986,0.723413633,2,0.473524157,False,1986
Cyprus,1987,0.723413633,2,0.473524157,False,1987
Cyprus,1988,0.723413633,2,0.473524157,False,1988
Cyprus,1989,0.723413633,1,0.473524157,False,1989
Cyprus,1990,0.723413633,1,0.473524157,False,1990
Cyprus,1991,0.727217001,1,0.477232827,False,1991
Cyprus,1992,0.727217001,1,0.477232827,False,1992
Cyprus,1993,0.727217001,1,0.476992943,False,1993
Cyprus,1994,0.727217001,1,0.476992943,False,1994
Cyprus,1995,0.727217001,1,0.476992943,False,1995
Cyprus,1996,0.736669087,1,0.465863257,False,1996
Cyprus,1997,0.736669087,1,0.465863257,False,1997
Cyprus,1998,0.736669087,1,0.488755482,False,1998
Cyprus,1999,0.736669087,1,0.488755482,False,1999
Cyprus,2000,0.736669087,1,0.488755482,False,2000
Cyprus,2001,0.736669087,1,0.484597518,False,2001
Cyprus,2002,0.736669087,1,0.484597518,False,2002
Cyprus,2003,0.736669087,1,0.47657533,False,2003
Cyprus,2004,0.736669087,1,0.474428197,False,2004
Cyprus,2005,0.736669087,1,0.474428197,False,2005
Cyprus,2006,0.736669087,1,0.474711058,False,2006
Czech Republic,1996,0.817045587,2,0.774687851,False,1996
Czech Republic,1997,0.817045587,2,0.774687851,False,1997
Czech Republic,1998,0.792582476,2,0.788473129,False,1998
Czech Republic,1999,0.792582476,2,0.788473129,False,1999
Czech Republic,2000,0.792582476,2,0.788473129,False,2000
Czech Republic,2001,0.792582476,2,0.788473129,True,2001
Czech Republic,2002,0.792404444,2,0.810467687,True,2002
Czech Republic,2003,0.792404444,2,0.810467687,True,2003
Czech Republic,2004,0.792404444,1,0.812359341,True,2004
Czech Republic,2005,0.792404444,1,0.812359341,True,2005
Czech Republic,2006,0.744170571,1,0.813881389,False,2006
Czech Republic,2007,0.744170571,1,0.813881389,False,2007
Czech Republic,2008,0.744170571,1,0.813881389,False,2008
Czech Republic,2009,0.744170571,1,0.80447396,False,2009
Czech Republic,2010,0.744170571,1,0.803433512,False,2010
Czech Republic,2011,0.744170571,1,0.803433512,False,2011
Czech Republic,2012,0.744170571,1,0.803433512,False,2012
Czech Republic,2013,0.744170571,1,0.801252471,False,2013
Dominican Republic,1974,0.65513489,2,0.40296743,False,1974
Dominican Republic,1975,0.65513489,2,0.40296743,False,1975
Dominican Republic,1976,0.65513489,3,0.40296743,False,1976
Dominican Republic,1977,0.65513489,2,0.40296743,False,1977
Dominican Republic,1978,0.554621581,2,0.415593743,False,1978
Dominican Republic,1979,0.554621581,3,0.415593743,False,1979
Dominican Republic,1980,0.554621581,3,0.415593743,False,1980
Dominican Republic,1983,0.63790252,2,0.432530284,False,1983
Dominican Republic,1984,0.63790252,3,0.432530284,False,1984
Dominican Republic,1985,0.63790252,3,0.432530284,False,1985
Dominican Republic,1986,0.687263076,3,0.463729152,False,1986
Dominican Republic,1987,0.687263076,3,0.463729152,False,1987
Dominican Republic,1988,0.687263076,3,0.463729152,False,1988
Dominican Republic,1989,0.687263076,3,0.463729152,False,1989
Dominican Republic,1990,0.687263076,3,0.459473467,False,1990
Dominican Republic,1991,0.687263076,3,0.459473467,False,1991
Dominican Republic,1992,0.687263076,3,0.459473467,False,1992
Dominican Republic,1993,0.687263076,3,0.459473467,False,1993
Dominican Republic,1994,0.67322971,3,0.427243423,False,1994
Dominican Republic,1995,0.67322971,3,0.427243423,False,1995
Dominican Republic,1996,0.67322971,3,0.468108976,False,1996
Dominican Republic,1997,0.67322971,3,0.468108976,False,1997
Dominican Republic,1998,0.67322971,3,0.498633915,False,1998
Dominican Republic,1999,0.67322971,3,0.498633915,False,1999
Dominican Republic,2000,0.67322971,2,0.497758999,False,2000
Dominican Republic,2001,0.67322971,2,0.497758999,False,2001
Dominican Republic,2002,0.67322971,2,0.528129245,False,2002
Dominican Republic,2003,0.67322971,2,0.528129245,False,2003
Dominican Republic,2004,0.67322971,2,0.555160527,False,2004
Estonia,1992,0.885366687,3,0.449622113,False,1992
Estonia,1993,0.885366687,2,0.449622113,False,1993
Estonia,1994,0.885366687,2,0.449622113,False,1994
Estonia,1995,0.831265344,2,0.551291466,False,1995
Estonia,1996,0.831265344,2,0.551291466,False,1996
Estonia,1997,0.831265344,2,0.551291466,False,1997
Estonia,1998,0.831265344,2,0.551291466,False,1998
Estonia,1999,0.854534677,2,0.616665127,False,1999
Estonia,2000,0.854534677,2,0.616665127,False,2000
Estonia,2001,0.854534677,2,0.616665127,False,2001
Estonia,2002,0.854534677,2,0.616665127,False,2002
Estonia,2003,0.815598075,2,0.627184522,False,2003
Estonia,2004,0.815598075,1,0.641419185,False,2004
Estonia,2005,0.815598075,1,0.641419185,False,2005
Estonia,2006,0.815598075,1,0.641419185,False,2006
Estonia,2007,0.800814713,1,0.669220445,False,2007
Estonia,2008,0.800814713,1,0.669220445,False,2008
Estonia,2009,0.800814713,1,0.681368233,False,2009
Estonia,2010,0.800814713,1,0.681368233,False,2010
Estonia,2011,0.800814713,1,0.688069329,False,2011
Estonia,2012,0.800814713,1,0.688069329,False,2012
Estonia,2013,0.800814713,1,0.688069329,False,2013
Finland,1983,0.817566221,2,0.813906991,False,1983
Finland,1984,0.817566221,2,0.813906991,False,1984
Finland,1985,0.817566221,2,0.813906991,False,1985
Finland,1986,0.817566221,2,0.813906991,False,1986
Finland,1987,0.837121824,2,0.814692302,False,1987
Finland,1988,0.837121824,2,0.815970267,False,1988
Finland,1989,0.837121824,1,0.815970267,False,1989
Finland,1990,0.837121824,1,0.815970267,False,1990
Finland,1991,0.830853066,1,0.809876813,False,1991
Finland,1992,0.830853066,1,0.809876813,False,1992
Finland,1993,0.830853066,1,0.809876813,False,1993
Finland,1994,0.830853066,1,0.815587445,False,1994
Finland,1995,0.827294221,1,0.800360869,False,1995
Finland,1996,0.827294221,1,0.801728044,False,1996
Finland,1997,0.827294221,1,0.801728044,False,1997
Finland,1998,0.827294221,1,0.801728044,False,1998
Finland,1999,0.831380892,1,0.803823544,False,1999
Finland,2000,0.831380892,1,0.80511082,False,2000
Finland,2001,0.831380892,1,0.80511082,False,2001
Finland,2002,0.831380892,1,0.80511082,False,2002
Finland,2003,0.823101064,1,0.809667205,False,2003
Finland,2004,0.823101064,1,0.808613969,False,2004
Finland,2005,0.823101064,1,0.808613969,False,2005
Finland,2006,0.823101064,1,0.81126501,False,2006
Finland,2007,0.829947036,1,0.811565739,False,2007
Finland,2008,0.829947036,1,0.811565739,False,2008
Finland,2009,0.829947036,1,0.773854045,False,2009
Finland,2010,0.829947036,1,0.773854045,False,2010
Finland,2011,0.829947036,1,0.814270192,False,2011
Finland,2012,0.829947036,1,0.770594,False,2012
Finland,2013,0.829947036,1,0.770594,False,2013
France,1988,0.844376474,2,0.643409264,False,1988
France,1989,0.844376474,2,0.663850773,False,1989
France,1990,0.844376474,2,0.663850773,False,1990
France,1991,0.844376474,2,0.663850773,False,1991
France,1992,0.844376474,2,0.663850773,False,1992
France,1993,0.90415813,2,0.659276814,False,1993
France,1994,0.90415813,2,0.658240346,False,1994
France,1995,0.90415813,2,0.671369085,False,1995
France,1996,0.90415813,2,0.671369085,False,1996
France,1997,0.921428884,2,0.653893822,False,1997
France,1998,0.921428884,2,0.653893822,False,1998
France,1999,0.921428884,2,0.66330448,False,1999
France,2000,0.921428884,2,0.66330448,False,2000
France,2001,0.921428884,2,0.66330448,False,2001
France,2002,0.809081226,1,0.595001914,False,2002
France,2003,0.809081226,1,0.595001914,False,2003
France,2004,0.809081226,1,0.661977701,False,2004
France,2005,0.809081226,1,0.661977701,False,2005
France,2006,0.809081226,1,0.661977701,False,2006
France,2007,0.764288745,1,0.550231019,False,2007
France,2008,0.764288745,1,0.550231019,False,2008
France,2009,0.764288745,1,0.68431996,False,2009
France,2010,0.764288745,1,0.68431996,False,2010
France,2011,0.764288745,1,0.68431996,False,2011
France,2012,0.764288745,1,0.701830419,False,2012
France,2013,0.764288745,1,0.701830419,False,2013
Germany,1990,0.724777245,2,0.760856463,False,1990
Germany,1991,0.724777245,2,0.760856463,False,1991
Germany,1992,0.724777245,2,0.760856463,False,1992
Germany,1993,0.724777245,2,0.760856463,False,1993
Germany,1994,0.718280369,2,0.742289159,False,1994
Germany,1995,0.718280369,2,0.742289159,False,1995
Germany,1996,0.718280369,2,0.742289159,False,1996
Germany,1997,0.718280369,2,0.742289159,False,1997
Germany,1998,0.714990823,2,0.740584484,False,1998
Germany,1999,0.714990823,2,0.740156134,False,1999
Germany,2000,0.714990823,2,0.740156134,False,2000
Germany,2001,0.714990823,2,0.740156134,False,2001
Germany,2002,0.724596396,1,0.744769961,False,2002
Germany,2003,0.724596396,1,0.744769961,False,2003
Germany,2004,0.724596396,1,0.747508881,False,2004
Germany,2005,0.753224867,1,0.750249922,False,2005
Germany,2006,0.753224867,1,0.750249922,False,2006
Germany,2007,0.753224867,1,0.750249922,False,2007
Germany,2008,0.753224867,1,0.750249922,False,2008
Germany,2009,0.804428499,1,0.759103523,False,2009
Germany,2010,0.804428499,1,0.759103523,False,2010
Germany,2011,0.804428499,1,0.759103523,False,2011
Germany,2012,0.804428499,1,0.759103523,False,2012
Germany,2013,0.804428499,1,0.768125328,False,2013
Greece,1972,0.583798548,6,0.665445518,False,1972
Greece,1973,0.583798548,5,0.665445518,False,1973
Greece,1974,0.635066475,2,0.696378848,False,1974
Greece,1975,0.635066475,2,0.696378848,False,1975
Greece,1976,0.635066475,2,0.696378848,False,1976
Greece,1977,0.732014819,2,0.687922805,False,1977
Greece,1978,0.732014819,2,0.687922805,False,1978
Greece,1979,0.732014819,2,0.687922805,False,1979
Greece,1980,0.732014819,2,0.687922805,False,1980
Greece,1983,0.627667284,2,0.725586212,False,1983
Greece,1984,0.627667284,2,0.787233857,False,1984
Greece,1985,0.613094448,2,0.806202851,False,1985
Greece,1986,0.613094448,2,0.806202851,False,1986
Greece,1987,0.613094448,2,0.806202851,False,1987
Greece,1988,0.613094448,2,0.806202851,False,1988
Greece,1989,0.609112696,2,0.797535002,False,1989
Greece,1990,0.620315802,2,0.797535002,False,1990
Greece,1991,0.620315802,2,0.797535002,False,1991
Greece,1992,0.620315802,2,0.797535002,False,1992
Greece,1993,0.620437939,3,0.809034733,False,1993
Greece,1994,0.620437939,3,0.88445494,False,1994
Greece,1995,0.620437939,3,0.88445494,False,1995
Greece,1996,0.673819082,3,0.858519055,False,1996
Greece,1997,0.673819082,3,0.858519055,False,1997
Greece,1998,0.673819082,3,0.858519055,False,1998
Greece,1999,0.673819082,3,0.872385122,False,1999
Greece,2000,0.620730448,3,0.867412405,False,2000
Greece,2001,0.620730448,3,0.867412405,False,2001
Greece,2002,0.620730448,2,0.867412405,False,2002
Greece,2003,0.620730448,2,0.867412405,False,2003
Greece,2004,0.624468061,2,0.902471324,False,2004
Greece,2005,0.624468061,2,0.902471324,False,2005
Greece,2006,0.624468061,2,0.902471324,False,2006
Greece,2007,0.672589315,2,0.897983224,False,2007
Greece,2008,0.672589315,2,0.897983224,False,2008
Greece,2009,0.672589315,2,0.822264909,False,2009
Greece,2010,0.672589315,2,0.822264909,False,2010
Greece,2011,0.672589315,2,0.822264909,False,2011
Greece,2012,0.672589315,2,0.901037631,False,2012
Greece,2013,0.672589315,2,0.901037631,False,2013
Hungary,2002,0.672148159,2,0.791131963,False,2002
Hungary,2003,0.672148159,2,0.791131963,False,2003
Hungary,2004,0.672148159,1,0.796056804,False,2004
Hungary,2005,0.672148159,1,0.796056804,False,2005
Hungary,2006,0.654472073,1,0.801965142,False,2006
Hungary,2007,0.654472073,1,0.801965142,False,2007
Hungary,2008,0.654472073,1,0.801965142,False,2008
Hungary,2009,0.654472073,1,0.80285765,False,2009
Hungary,2010,0.654472073,1,0.803387714,False,2010
Hungary,2011,0.654472073,2,0.803387714,False,2011
Hungary,2012,0.654472073,2,0.803387714,False,2012
Hungary,2013,0.654472073,2,0.803387714,False,2013
Indonesia,1999,0.801076314,4,0.560287059,False,1999
Indonesia,2000,0.801076314,4,0.560287059,False,2000
Indonesia,2001,0.801076314,4,0.560287059,False,2001
Indonesia,2002,0.801076314,4,0.560287059,False,2002
Indonesia,2003,0.801076314,4,0.560287059,False,2003
Indonesia,2004,0.801076314,4,0.655061772,False,2004
Indonesia,2005,0.801076314,3,0.655061772,False,2005
Indonesia,2006,0.801076314,3,0.655061772,False,2006
Indonesia,2007,0.801076314,3,0.655061772,False,2007
Indonesia,2008,0.801076314,3,0.655061772,False,2008
Indonesia,2009,0.801076314,3,0.710741222,False,2009
Ireland,1972,0.645726848,2,0.59171593,False,1972
Ireland,1973,0.643763544,2,0.577998918,False,1973
Ireland,1974,0.643763544,2,0.577998918,False,1974
Ireland,1975,0.643763544,2,0.577998918,False,1975
Ireland,1976,0.643763544,1,0.577998918,False,1976
Ireland,1977,0.635389498,1,0.645508176,False,1977
Ireland,1978,0.635389498,1,0.645508176,False,1978
Ireland,1979,0.635389498,1,0.648773247,False,1979
Ireland,1980,0.635389498,1,0.648773247,False,1980
Ireland,1983,0.631714546,1,0.669901526,False,1983
Ireland,1984,0.631714546,1,0.683214712,False,1984
Ireland,1985,0.631714546,1,0.683214712,False,1985
Ireland,1986,0.631714546,1,0.683214712,False,1986
Ireland,1987,0.711055188,1,0.69085464,False,1987
Ireland,1988,0.711055188,1,0.69085464,False,1988
Ireland,1989,0.705667838,1,0.697429697,False,1989
Ireland,1990,0.705667838,1,0.703274142,False,1990
Ireland,1991,0.705667838,1,0.703274142,False,1991
Ireland,1992,0.744683408,1,0.718600643,False,1992
Ireland,1993,0.744683408,2,0.718600643,False,1993
Ireland,1994,0.744683408,2,0.732905676,False,1994
Ireland,1995,0.744683408,1,0.732905676,False,1995
Ireland,1996,0.744683408,1,0.732905676,False,1996
Ireland,1997,0.749467576,1,0.74604538,False,1997
Ireland,1998,0.749467576,1,0.74604538,False,1998
Ireland,1999,0.749467576,1,0.762904442,False,1999
Ireland,2000,0.749467576,1,0.762904442,False,2000
Ireland,2001,0.749467576,1,0.762904442,False,2001
Ireland,2002,0.749467576,1,0.763594143,False,2002
Ireland,2003,0.749467576,1,0.763594143,False,2003
Ireland,2004,0.749467576,1,0.772255617,False,2004
Ireland,2005,0.749467576,1,0.772255617,False,2005
Ireland,2006,0.749467576,1,0.772255617,False,2006
Ireland,2007,0.749467576,1,0.707195736,False,2007
Israel,1972,0.717909318,3,0.611260789,False,1972
Israel,1973,0.712529842,3,0.62157987,False,1973
Israel,1974,0.712529842,3,0.62157987,False,1974
Israel,1975,0.712529842,3,0.62157987,False,1975
Israel,1976,0.712529842,3,0.62157987,True,1976
Israel,1977,0.789944864,2,0.618926305,True,1977
Israel,1978,0.789944864,2,0.618926305,True,1978
Israel,1979,0.789944864,2,0.618926305,True,1979
Israel,1980,0.789944864,2,0.618926305,True,1980
Israel,1983,0.689676941,2,0.629410458,False,1983
Israel,1984,0.754410666,2,0.638311431,False,1984
Israel,1985,0.754410666,2,0.638311431,False,1985
Israel,1986,0.754410666,2,0.638311431,False,1986
Israel,1987,0.754410666,2,0.638311431,False,1987
Israel,1988,0.791070321,2,0.651569259,False,1988
Israel,1989,0.791070321,2,0.651569259,False,1989
Israel,1990,0.791070321,2,0.651569259,False,1990
Israel,1991,0.791070321,2,0.651569259,False,1991
Israel,1992,0.775492177,2,0.665445245,False,1992
Israel,1993,0.775492177,3,0.665445245,False,1993
Israel,1994,0.775492177,3,0.665445245,False,1994
Israel,1995,0.775492177,3,0.665445245,False,1995
Israel,1996,0.828629939,3,0.691327354,False,1996
Israel,1997,0.828629939,3,0.691327354,False,1997
Israel,1998,0.828629939,3,0.691327354,False,1998
Israel,1999,0.888036723,2,0.699461502,False,1999
Israel,2000,0.888036723,3,0.699461502,False,2000
Israel,2001,0.888036723,3,0.69958633,False,2001
Israel,2002,0.888036723,3,0.69958633,False,2002
Israel,2003,0.845820415,3,0.705593365,False,2003
Israel,2004,0.845820415,3,0.705593365,False,2004
Israel,2005,0.845820415,2,0.705593365,False,2005
Israel,2006,0.845820415,2,0.710908907,False,2006
Israel,2007,0.845820415,2,0.710908907,False,2007
Israel,2008,0.845820415,2,0.710908907,False,2008
Israel,2009,0.845820415,2,0.705224447,False,2009
Israel,2010,0.845820415,2,0.705224447,False,2010
Israel,2011,0.845820415,2,0.705224447,False,2011
Israel,2012,0.845820415,2,0.705224447,False,2012
Israel,2013,0.845820415,2,0.701885745,False,2013
Italy,1972,0.754682196,2,0.681317887,False,1972
Italy,1973,0.754682196,2,0.681317887,False,1973
Italy,1974,0.754682196,2,0.681317887,False,1974
Italy,1975,0.754682196,2,0.681317887,False,1975
Italy,1976,0.716388856,1,0.725459459,False,1976
Italy,1977,0.716388856,2,0.725459459,False,1977
Italy,1978,0.716388856,2,0.725459459,False,1978
Italy,1979,0.744339816,2,0.749015652,False,1979
Italy,1980,0.744339816,2,0.749015652,False,1980
Italy,1983,0.778456854,2,0.776796972,False,1983
Italy,1984,0.778456854,1,0.785452125,False,1984
Italy,1985,0.778456854,1,0.785452125,False,1985
Italy,1986,0.778456854,1,0.785452125,False,1986
Italy,1987,0.78342457,1,0.807203473,False,1987
Italy,1988,0.78342457,1,0.807203473,False,1988
Italy,1989,0.78342457,1,0.821690916,False,1989
Italy,1990,0.78342457,1,0.821690916,False,1990
Italy,1991,0.78342457,1,0.821690916,False,1991
Italy,1992,0.849111629,2,0.835218424,False,1992
Italy,1993,0.849111629,3,0.835218424,False,1993
Italy,1994,0.796397672,2,0.846754634,False,1994
Italy,1995,0.796397672,2,0.846754634,False,1995
Italy,1996,0.796397672,2,0.859015318,False,1996
Italy,1997,0.796397672,2,0.859015318,False,1997
Italy,1998,0.796397672,2,0.859015318,False,1998
Italy,1999,0.796397672,2,0.865800793,False,1999
Italy,2000,0.796397672,2,0.865800793,False,2000
Italy,2001,0.860367116,2,0.866287797,False,2001
Italy,2002,0.860367116,1,0.866287797,False,2002
Italy,2003,0.860367116,1,0.866287797,False,2003
Italy,2004,0.860367116,1,0.863330926,False,2004
Italy,2005,0.860367116,1,0.863330926,False,2005
Italy,2006,0.818770695,1,0.808278504,False,2006
Italy,2007,0.818770695,1,0.808278504,False,2007
Italy,2008,0.818770695,2,0.801076714,False,2008
Italy,2009,0.818770695,2,0.851908621,False,2009
Italy,2010,0.818770695,2,0.851908621,False,2010
Italy,2011,0.818770695,1,0.851908621,False,2011
Italy,2012,0.818770695,1,0.851908621,False,2012
Italy,2013,0.818770695,1,0.778794758,False,2013
Latvia,1993,0.839019048,3,0.485888825,False,1993
Latvia,1994,0.839019048,2,0.485888825,False,1994
Latvia,1995,0.895967234,2,0.536984006,False,1995
Latvia,1996,0.895967234,2,0.536984006,False,1996
Latvia,1997,0.895967234,2,0.536984006,False,1997
Latvia,1998,0.855993886,2,0.556708773,False,1998
Latvia,1999,0.855993886,2,0.556708773,False,1999
Latvia,2000,0.855993886,2,0.556708773,False,2000
Latvia,2001,0.855993886,2,0.556708773,False,2001
Latvia,2002,0.852391278,2,0.60522758,False,2002
Latvia,2003,0.852391278,2,0.60522758,False,2003
Latvia,2004,0.852391278,2,0.617672795,False,2004
Latvia,2005,0.852391278,1,0.617672795,False,2005
Latvia,2006,0.86656209,1,0.671946957,False,2006
Latvia,2007,0.86656209,1,0.671946957,False,2007
Latvia,2008,0.86656209,1,0.671946957,False,2008
Latvia,2009,0.86656209,1,0.693317059,False,2009
Latvia,2010,0.86656209,2,0.711220818,False,2010
Latvia,2011,0.86656209,2,0.748957283,False,2011
Latvia,2012,0.86656209,2,0.748957283,False,2012
Latvia,2013,0.86656209,2,0.748957283,False,2013
Lithuania,1992,0.66472149,3,0.689138134,False,1992
Lithuania,1993,0.66472149,3,0.697348697,False,1993
Lithuania,1994,0.66472149,3,0.697348697,False,1994
Lithuania,1995,0.66472149,2,0.697348697,False,1995
Lithuania,1996,0.856250455,2,0.721212508,False,1996
Lithuania,1997,0.856250455,2,0.721212508,False,1997
Lithuania,1998,0.856250455,2,0.741186665,False,1998
Lithuania,1999,0.856250455,2,0.741186665,False,1999
Lithuania,2000,0.896770495,2,0.756247681,False,2000
Lithuania,2001,0.896770495,2,0.756247681,False,2001
Lithuania,2002,0.896770495,2,0.756247681,False,2002
Lithuania,2003,0.896770495,2,0.79879556,False,2003
Lithuania,2004,0.876224932,2,0.789583092,False,2004
Lithuania,2005,0.876224932,1,0.789583092,False,2005
Lithuania,2006,0.876224932,1,0.789583092,False,2006
Lithuania,2007,0.876224932,1,0.789583092,False,2007
Lithuania,2008,0.895974216,1,0.842952231,False,2008
Lithuania,2009,0.895974216,1,0.851051524,False,2009
Lithuania,2010,0.895974216,1,0.851051524,False,2010
Lithuania,2011,0.895974216,1,0.851051524,False,2011
Lithuania,2012,0.895974216,1,0.866314359,False,2012
Lithuania,2013,0.895974216,1,0.866314359,False,2013
Luxembourg,1972,0.72000444,1,0.573468416,False,1972
Luxembourg,1973,0.72000444,1,0.573468416,False,1973
Luxembourg,1974,0.768586127,1,0.579695663,False,1974
Luxembourg,1975,0.768586127,1,0.579695663,False,1975
Luxembourg,1976,0.768586127,1,0.579695663,False,1976
Luxembourg,1977,0.768586127,1,0.579695663,False,1977
Luxembourg,1978,0.768586127,1,0.579695663,False,1978
Luxembourg,1979,0.767074971,1,0.585950472,False,1979
Luxembourg,1980,0.767074971,1,0.585950472,False,1980
Luxembourg,1983,0.767074971,1,0.585950472,False,1983
Luxembourg,1984,0.724912345,1,0.589617693,False,1984
Luxembourg,1985,0.724912345,1,0.589617693,False,1985
Luxembourg,1986,0.724912345,1,0.589617693,False,1986
Luxembourg,1987,0.724912345,1,0.589617693,False,1987
Luxembourg,1988,0.724912345,1,0.589617693,False,1988
Luxembourg,1989,0.787331117,1,0.580589717,False,1989
Luxembourg,1990,0.787331117,1,0.580589717,False,1990
Luxembourg,1991,0.787331117,1,0.580589717,False,1991
Luxembourg,1992,0.787331117,1,0.580589717,False,1992
Luxembourg,1993,0.787331117,1,0.580589717,False,1993
Luxembourg,1994,0.788472462,1,0.538879377,False,1994
Luxembourg,1995,0.788472462,1,0.538879377,False,1995
Luxembourg,1996,0.788472462,1,0.538879377,False,1996
Luxembourg,1997,0.788472462,1,0.538879377,False,1997
Luxembourg,1998,0.788472462,1,0.538879377,False,1998
Luxembourg,1999,0.788037109,1,0.513600927,False,1999
Luxembourg,2000,0.788037109,1,0.513600927,False,2000
Luxembourg,2001,0.788037109,1,0.513600927,False,2001
Luxembourg,2002,0.788037109,1,0.513600927,False,2002
Luxembourg,2003,0.788037109,1,0.513600927,False,2003
Luxembourg,2004,0.762723629,1,0.475844774,False,2004
Luxembourg,2005,0.762723629,1,0.475844774,False,2005
Luxembourg,2006,0.762723629,1,0.475844774,False,2006
Luxembourg,2007,0.762723629,1,0.475844774,False,2007
Luxembourg,2008,0.762723629,1,0.475844774,False,2008
Luxembourg,2009,0.762723629,1,0.449667862,False,2009
Luxembourg,2010,0.762723629,1,0.449667862,False,2010
Luxembourg,2011,0.762723629,1,0.449667862,False,2011
Luxembourg,2012,0.762723629,1,0.449667862,False,2012
Luxembourg,2013,0.762723629,1,0.441076252,False,2013
Malaysia,1983,0.573173182,4,0.416635868,False,1983
Malaysia,1984,0.573173182,5,0.416635868,False,1984
Malaysia,1985,0.573173182,5,0.416635868,False,1985
Malaysia,1986,0.573173182,5,0.436503626,False,1986
Malaysia,1987,0.573173182,5,0.436503626,False,1987
Malaysia,1988,0.573173182,5,0.436503626,False,1988
Malaysia,1989,0.573173182,4,0.436503626,False,1989
Malaysia,1990,0.655748874,4,0.456697799,False,1990
Malaysia,1991,0.655748874,4,0.456697799,True,1991
Malaysia,1992,0.655748874,4,0.456697799,True,1992
Malaysia,1993,0.655748874,5,0.456697799,True,1993
Malaysia,1994,0.655748874,5,0.456697799,True,1994
Malaysia,1995,0.543467689,5,0.447555276,True,1995
Malaysia,1996,0.543467689,5,0.447555276,False,1996
Malaysia,1997,0.543467689,5,0.447555276,False,1997
Malaysia,1998,0.543467689,5,0.447555276,False,1998
Malaysia,1999,0.628432388,5,0.433401446,False,1999
Malaysia,2000,0.628432388,5,0.433401446,False,2000
Malaysia,2001,0.628432388,5,0.433401446,False,2001
Malaysia,2002,0.628432388,5,0.433401446,False,2002
Malaysia,2003,0.628432388,4,0.433401446,False,2003
Malaysia,2004,0.628432388,4,0.385120677,False,2004
Malaysia,2005,0.628432388,4,0.385120677,False,2005
Malaysia,2006,0.628432388,4,0.385120677,False,2006
Malaysia,2007,0.628432388,4,0.385120677,False,2007
Malaysia,2008,0.628432388,4,0.388212385,False,2008
Malaysia,2009,0.628432388,4,0.388212385,True,2009
Mauritius,1995,0.512803554,2,0.634789153,False,1995
Mauritius,1996,0.512803554,2,0.634789153,False,1996
Mauritius,1997,0.512803554,2,0.634789153,False,1997
Mauritius,1998,0.512803554,2,0.634789153,False,1998
Mauritius,1999,0.512803554,2,0.634789153,False,1999
Mauritius,2000,0.583658312,2,0.656674424,False,2000
Mauritius,2001,0.583658312,2,0.656674424,False,2001
Mauritius,2002,0.583658312,2,0.656674424,False,2002
Mauritius,2003,0.583658312,2,0.656674424,False,2003
Mauritius,2004,0.583658312,1,0.656674424,False,2004
Mauritius,2005,0.583658312,1,0.665440912,False,2005
Mauritius,2006,0.583658312,2,0.665440912,False,2006
Mauritius,2007,0.583658312,2,0.665440912,False,2007
Mauritius,2008,0.583658312,2,0.665440912,False,2008
Mauritius,2009,0.583658312,2,0.665440912,False,2009
Mauritius,2010,0.583658312,2,0.703725463,False,2010
Mexico,1997,0.707614404,4,0.560299827,False,1997
Mexico,1998,0.707614404,4,0.560299827,False,1998
Mexico,1999,0.707614404,4,0.560299827,False,1999
Mexico,2000,0.666208062,3,0.539324017,False,2000
Mexico,2001,0.666208062,3,0.539324017,False,2001
Mexico,2002,0.666208062,2,0.539324017,False,2002
Mexico,2003,0.666208062,2,0.631687998,False,2003
Mexico,2004,0.666208062,2,0.631687998,False,2004
Mexico,2005,0.666208062,2,0.631687998,False,2005
Mexico,2006,0.666208062,3,0.66754352,False,2006
Mexico,2007,0.666208062,3,0.66754352,False,2007
Mexico,2008,0.666208062,3,0.66754352,False,2008
Mexico,2009,0.666208062,3,0.697637003,False,2009
Mexico,2010,0.666208062,3,0.697637003,False,2010
Moldova,1994,0.746520416,4,0.794143703,False,1994
Moldova,1995,0.746520416,4,0.794143703,False,1995
Moldova,1996,0.746520416,4,0.828196594,False,1996
Moldova,1997,0.746520416,4,0.828196594,False,1997
Moldova,1998,0.823983236,4,0.828295574,False,1998
Moldova,1999,0.823983236,4,0.828295574,False,1999
Moldova,2000,0.823983236,4,0.828295574,False,2000
Moldova,2001,0.823983236,4,0.78659396,False,2001
Moldova,2002,0.823983236,4,0.78659396,False,2002
Moldova,2003,0.823983236,4,0.78659396,False,2003
Moldova,2004,0.823983236,4,0.78659396,False,2004
Moldova,2005,0.823983236,4,0.841375166,False,2005
Moldova,2006,0.823983236,4,0.841375166,False,2006
Moldova,2007,0.823983236,4,0.841375166,False,2007
Moldova,2008,0.823983236,4,0.841375166,False,2008
Netherlands,1972,0.853838748,1,0.668976191,False,1972
Netherlands,1973,0.853838748,1,0.668976191,False,1973
Netherlands,1974,0.853838748,1,0.668976191,False,1974
Netherlands,1975,0.853838748,1,0.668976191,False,1975
Netherlands,1976,0.853838748,1,0.668976191,False,1976
Netherlands,1977,0.747290699,1,0.686092446,False,1977
Netherlands,1978,0.747290699,1,0.686092446,False,1978
Netherlands,1979,0.747290699,1,0.698674093,False,1979
Netherlands,1980,0.747290699,1,0.698674093,False,1980
Netherlands,1983,0.764239432,1,0.713833804,False,1983
Netherlands,1984,0.764239432,1,0.726278893,False,1984
Netherlands,1985,0.764239432,1,0.726278893,False,1985
Netherlands,1986,0.734693797,1,0.736135422,False,1986
Netherlands,1987,0.734693797,1,0.736135422,False,1987
Netherlands,1988,0.734693797,1,0.736135422,False,1988
Netherlands,1989,0.743841768,1,0.748353396,False,1989
Netherlands,1990,0.743841768,1,0.748353396,False,1990
Netherlands,1991,0.743841768,1,0.748353396,False,1991
Netherlands,1992,0.743841768,1,0.748353396,False,1992
Netherlands,1993,0.743841768,1,0.748353396,False,1993
Netherlands,1994,0.825103372,1,0.744688396,False,1994
Netherlands,1995,0.825103372,1,0.744688396,False,1995
Netherlands,1996,0.825103372,1,0.744688396,False,1996
Netherlands,1997,0.825103372,1,0.744688396,False,1997
Netherlands,1998,0.805709381,1,0.748347746,False,1998
Netherlands,1999,0.805709381,1,0.750141651,False,1999
Netherlands,2000,0.805709381,1,0.750141651,False,2000
Netherlands,2001,0.805709381,1,0.750141651,False,2001
Netherlands,2002,0.834295833,1,0.745278466,False,2002
Netherlands,2003,0.799453348,1,0.744344475,False,2003
Netherlands,2004,0.799453348,1,0.747332881,False,2004
Netherlands,2005,0.799453348,1,0.747332881,False,2005
Netherlands,2006,0.827616687,1,0.750337205,False,2006
Netherlands,2007,0.827616687,1,0.750337205,False,2007
Netherlands,2008,0.827616687,1,0.750337205,False,2008
Netherlands,2009,0.827616687,1,0.752889719,False,2009
Netherlands,2010,0.827616687,1,0.753749335,False,2010
Netherlands,2011,0.827616687,1,0.753749335,False,2011
Netherlands,2012,0.827616687,1,0.75743232,False,2012
Netherlands,2013,0.827616687,1,0.75743232,False,2013
New Zealand,1972,0.589007647,1,0.540617341,False,1972
New Zealand,1973,0.589007647,1,0.540617341,False,1973
New Zealand,1974,0.589007647,1,0.540617341,False,1974
New Zealand,1975,0.608840566,1,0.628660412,False,1975
New Zealand,1976,0.608840566,1,0.628660412,False,1976
New Zealand,1977,0.608840566,1,0.628660412,False,1977
New Zealand,1978,0.651652659,1,0.64962594,False,1978
New Zealand,1979,0.651652659,1,0.64962594,False,1979
New Zealand,1980,0.651652659,1,0.64962594,False,1980
New Zealand,1983,0.654730597,1,0.651136847,False,1983
New Zealand,1984,0.665563978,1,0.654339445,False,1984
New Zealand,1985,0.665563978,1,0.654339445,False,1985
New Zealand,1986,0.665563978,1,0.654339445,False,1986
New Zealand,1987,0.57345137,1,0.645842707,False,1987
New Zealand,1988,0.57345137,1,0.645842707,False,1988
New Zealand,1989,0.57345137,1,0.645842707,False,1989
New Zealand,1990,0.639067485,1,0.661346851,False,1990
New Zealand,1991,0.639067485,1,0.661346851,False,1991
New Zealand,1992,0.639067485,1,0.661346851,False,1992
New Zealand,1993,0.639067485,1,0.649936797,False,1993
New Zealand,1994,0.639067485,1,0.649936797,False,1994
New Zealand,1995,0.639067485,1,0.649936797,False,1995
New Zealand,1996,0.764393177,1,0.648081339,False,1996
New Zealand,1997,0.764393177,1,0.648081339,False,1997
New Zealand,1998,0.764393177,1,0.648081339,False,1998
New Zealand,1999,0.729072046,1,0.654332717,False,1999
New Zealand,2000,0.729072046,1,0.654332717,False,2000
New Zealand,2001,0.729072046,1,0.654332717,False,2001
New Zealand,2002,0.729072046,1,0.676218656,False,2002
New Zealand,2003,0.729072046,1,0.676218656,False,2003
New Zealand,2004,0.729072046,1,0.676218656,False,2004
New Zealand,2005,0.729072046,1,0.688796444,False,2005
New Zealand,2006,0.729072046,1,0.688796444,False,2006
New Zealand,2007,0.729072046,1,0.688796444,False,2007
New Zealand,2008,0.729072046,1,0.70209583,False,2008
New Zealand,2009,0.729072046,1,0.70209583,False,2009
Niger,1999,0.78687817,5,0.408466948,False,1999
Niger,2000,0.78687817,4,0.408466948,False,2000
Niger,2001,0.78687817,4,0.408466948,False,2001
Niger,2002,0.78687817,4,0.408466948,False,2002
Niger,2003,0.78687817,4,0.408466948,False,2003
Niger,2004,0.78687817,3,0.394937686,True,2004
Niger,2005,0.78687817,3,0.394937686,True,2005
Niger,2006,0.78687817,3,0.394937686,False,2006
Niger,2007,0.78687817,4,0.394937686,False,2007
Niger,2008,0.78687817,4,0.394937686,False,2008
Niger,2009,0.78687817,4,0.377838914,False,2009
Norway,1977,0.74008183,1,0.687619299,False,1977
Norway,1978,0.74008183,1,0.687619299,False,1978
Norway,1979,0.74008183,1,0.687619299,False,1979
Norway,1980,0.74008183,1,0.687619299,False,1980
Norway,1983,0.744851674,1,0.732486998,False,1983
Norway,1984,0.744851674,1,0.732486998,False,1984
Norway,1985,0.724335765,1,0.746680366,False,1985
Norway,1986,0.724335765,1,0.746680366,False,1986
Norway,1987,0.724335765,1,0.746680366,False,1987
Norway,1988,0.724335765,1,0.746680366,False,1988
Norway,1989,0.793415234,1,0.754794996,False,1989
Norway,1990,0.793415234,1,0.754794996,False,1990
Norway,1991,0.793415234,1,0.754794996,False,1991
Norway,1992,0.793415234,1,0.754794996,False,1992
Norway,1993,0.787777563,1,0.755982648,False,1993
Norway,1994,0.787777563,1,0.755982648,False,1994
Norway,1995,0.787777563,1,0.755982648,False,1995
Norway,1996,0.787777563,1,0.755982648,False,1996
Norway,1997,0.802680897,1,0.75166622,False,1997
Norway,1998,0.802680897,1,0.75166622,False,1998
Norway,1999,0.802680897,1,0.75166622,False,1999
Norway,2000,0.802680897,1,0.75166622,False,2000
Norway,2001,0.838237095,1,0.744288653,False,2001
Norway,2002,0.838237095,1,0.744288653,False,2002
Norway,2003,0.838237095,1,0.744288653,False,2003
Norway,2004,0.838237095,1,0.744288653,False,2004
Norway,2005,0.804257531,1,0.74009227,False,2005
Norway,2006,0.804257531,1,0.74009227,False,2006
Norway,2007,0.804257531,1,0.74009227,False,2007
Norway,2008,0.804257531,1,0.74009227,False,2008
Norway,2009,0.804257531,1,0.731206288,False,2009
Norway,2010,0.804257531,1,0.731206288,False,2010
Norway,2011,0.804257531,1,0.731206288,False,2011
Norway,2012,0.804257531,1,0.731206288,False,2012
Norway,2013,0.804257531,1,0.7169223,False,2013
Poland,1991,0.927496081,2,0.719448513,False,1991
Poland,1992,0.927496081,2,0.719448513,False,1992
Poland,1993,0.898015378,2,0.719674553,False,1993
Poland,1994,0.898015378,2,0.719674553,False,1994
Poland,1995,0.898015378,2,0.727081193,False,1995
Poland,1996,0.898015378,2,0.727081193,False,1996
Poland,1997,0.782056056,2,0.735035801,False,1997
Poland,1998,0.782056056,2,0.735035801,False,1998
Poland,1999,0.782056056,2,0.735035801,False,1999
Poland,2000,0.782056056,2,0.76116315,False,2000
Poland,2001,0.777647901,2,0.767674889,False,2001
Poland,2002,0.777647901,2,0.767674889,False,2002
Poland,2003,0.777647901,2,0.767674889,False,2003
Poland,2004,0.777647901,1,0.78539852,False,2004
Poland,2005,0.829329967,1,0.792034419,False,2005
Poland,2006,0.829329967,1,0.792034419,False,2006
Poland,2007,0.698816481,1,0.803094489,False,2007
Poland,2008,0.698816481,1,0.803094489,False,2008
Poland,2009,0.698816481,1,0.801113996,False,2009
Poland,2010,0.698816481,1,0.810527521,False,2010
Poland,2011,0.698816481,1,0.808248498,False,2011
Poland,2012,0.698816481,1,0.808248498,False,2012
Poland,2013,0.698816481,1,0.808248498,False,2013
Portugal,1975,0.72682827,3,0.679342653,False,1975
Portugal,1976,0.749446118,2,0.692355503,False,1976
Portugal,1977,0.749446118,2,0.692355503,False,1977
Portugal,1978,0.749446118,2,0.692355503,False,1978
Portugal,1979,0.691980115,2,0.69940148,False,1979
Portugal,1980,0.684832551,2,0.709063228,False,1980
Portugal,1983,0.732301768,2,0.718949436,False,1983
Portugal,1984,0.732301768,2,0.718949436,False,1984
Portugal,1985,0.790711307,2,0.760354105,False,1985
Portugal,1986,0.790711307,2,0.757508982,False,1986
Portugal,1987,0.664455304,2,0.771791264,False,1987
Portugal,1988,0.664455304,2,0.771791264,False,1988
Portugal,1989,0.664455304,2,0.810364154,False,1989
Portugal,1990,0.664455304,2,0.810364154,False,1990
Portugal,1991,0.635628586,1,0.835580238,False,1991
Portugal,1992,0.635628586,1,0.835580238,False,1992
Portugal,1993,0.635628586,1,0.835580238,False,1993
Portugal,1994,0.635628586,1,0.857226499,False,1994
Portugal,1995,0.663796003,1,0.888301328,False,1995
Portugal,1996,0.663796003,1,0.863834784,False,1996
Portugal,1997,0.663796003,1,0.863834784,False,1997
Portugal,1998,0.663796003,1,0.863834784,False,1998
Portugal,1999,0.67332286,1,0.866777793,False,1999
Portugal,2000,0.67332286,1,0.866777793,False,2000
Portugal,2001,0.67332286,1,0.861889867,False,2001
Portugal,2002,0.669733404,1,0.852535899,False,2002
Portugal,2003,0.669733404,1,0.852535899,False,2003
Portugal,2004,0.669733404,1,0.841357851,False,2004
Portugal,2005,0.681250618,1,0.851601632,False,2005
Portugal,2006,0.681250618,1,0.863425684,False,2006
Portugal,2007,0.681250618,1,0.863425684,False,2007
Portugal,2008,0.681250618,1,0.863425684,False,2008
Portugal,2009,0.681250618,1,0.900767571,False,2009
Portugal,2010,0.681250618,1,0.900767571,False,2010
Portugal,2011,0.681250618,1,0.911614549,False,2011
Portugal,2012,0.681250618,1,0.911614549,False,2012
Portugal,2013,0.681250618,1,0.911614549,False,2013
Romania,1992,0.782380756,4,0.718608568,False,1992
Romania,1993,0.782380756,4,0.718608568,False,1993
Romania,1994,0.782380756,3,0.718608568,False,1994
Romania,1995,0.782380756,3,0.718608568,False,1995
Romania,1996,0.758610293,3,0.761275672,False,1996
Romania,1997,0.758610293,2,0.761275672,False,1997
Romania,1998,0.758610293,2,0.761275672,False,1998
Romania,1999,0.758610293,2,0.761275672,False,1999
Romania,2000,0.749240793,2,0.788637528,False,2000
Romania,2001,0.749240793,2,0.788637528,False,2001
Romania,2002,0.749240793,2,0.788637528,False,2002
Romania,2003,0.749240793,2,0.788637528,False,2003
Romania,2004,0.746127774,2,0.860034556,False,2004
Romania,2005,0.746127774,2,0.860034556,False,2005
Romania,2006,0.746127774,2,0.860034556,False,2006
Romania,2007,0.746127774,2,0.872600515,False,2007
Romania,2008,0.746127774,2,0.899144028,False,2008
Romania,2009,0.746127774,2,0.898698648,False,2009
Romania,2010,0.746127774,2,0.898698648,False,2010
Romania,2011,0.746127774,2,0.898698648,False,2011
Romania,2012,0.746127774,2,0.918572559,False,2012
Romania,2013,0.746127774,2,0.918572559,False,2013
Russia,1995,0.912321255,4,0.724539896,False,1995
Russia,1996,0.912321255,4,0.732959062,False,1996
Russia,1997,0.912321255,4,0.732959062,False,1997
Russia,1998,0.912321255,4,0.732959062,False,1998
Russia,1999,0.8728904,5,0.728436719,False,1999
Russia,2000,0.8728904,5,0.746051719,False,2000
Russia,2001,0.8728904,5,0.746051719,False,2001
Russia,2002,0.8728904,5,0.746051719,True,2002
Russia,2003,0.8728904,5,0.752965069,True,2003
Russia,2004,0.8728904,5,0.750086805,True,2004
Russia,2005,0.8728904,5,0.750086805,True,2005
Russia,2006,0.8728904,5,0.750086805,True,2006
Russia,2007,0.8728904,5,0.764301991,False,2007
Russia,2008,0.8728904,5,0.751189595,False,2008
Russia,2009,0.8728904,5,0.751189595,False,2009
Slovak Republic,1994,0.82780164,3,0.725075787,False,1994
Slovak Republic,1995,0.82780164,3,0.725075787,False,1995
Slovak Republic,1996,0.82780164,4,0.725075787,False,1996
Slovak Republic,1997,0.82780164,4,0.725075787,False,1997
Slovak Republic,1998,0.812259011,2,0.746303807,False,1998
Slovak Republic,1999,0.812259011,2,0.748907847,False,1999
Slovak Republic,2000,0.812259011,2,0.748907847,False,2000
Slovak Republic,2001,0.812259011,2,0.748907847,False,2001
Slovak Republic,2002,0.812259011,2,0.773241658,False,2002
Slovak Republic,2003,0.812259011,2,0.773241658,False,2003
Slovak Republic,2004,0.812259011,1,0.782271307,False,2004
Slovak Republic,2005,0.812259011,1,0.782271307,False,2005
Slovak Republic,2006,0.812259011,1,0.795219696,False,2006
Slovak Republic,2007,0.812259011,1,0.795219696,False,2007
Slovak Republic,2008,0.812259011,1,0.795219696,False,2008
Slovenia,1996,0.841651776,2,0.775558871,False,1996
Slovenia,1997,0.841651776,2,0.780815736,False,1997
Slovenia,1998,0.841651776,2,0.780815736,False,1998
Slovenia,1999,0.841651776,2,0.780815736,False,1999
Slovenia,2000,0.810759629,2,0.797782559,False,2000
Slovenia,2001,0.810759629,2,0.797782559,False,2001
Slovenia,2002,0.810759629,1,0.80733759,False,2002
Slovenia,2003,0.810759629,1,0.80733759,False,2003
Slovenia,2004,0.832426092,1,0.818441584,False,2004
Slovenia,2005,0.832426092,1,0.818441584,False,2005
Slovenia,2006,0.832426092,1,0.818441584,False,2006
Slovenia,2007,0.832426092,1,0.852293621,False,2007
Slovenia,2008,0.797441556,1,0.839329388,False,2008
Slovenia,2009,0.797441556,1,0.833380308,False,2009
Slovenia,2010,0.797441556,1,0.833380308,False,2010
Slovenia,2011,0.797441556,1,0.832779491,False,2011
Slovenia,2012,0.797441556,1,0.831881916,False,2012
Slovenia,2013,0.797441556,1,0.831881916,False,2013
Solomon Islands,1980,0.599808512,2,0.427266768,False,1980
Solomon Islands,1983,0.599808512,2,0.427266768,False,1983
Solomon Islands,1984,0.743948369,3,0.411814402,False,1984
Solomon Islands,1985,0.743948369,3,0.411814402,False,1985
Solomon Islands,1986,0.743948369,2,0.411814402,False,1986
Solomon Islands,1987,0.743948369,2,0.411814402,False,1987
Solomon Islands,1988,0.743948369,2,0.411814402,False,1988
Solomon Islands,1989,0.729136105,1,0.397693771,False,1989
Solomon Islands,1990,0.729136105,1,0.397693771,False,1990
Solomon Islands,1991,0.729136105,1,0.397693771,False,1991
Solomon Islands,1992,0.729136105,1,0.397693771,False,1992
Solomon Islands,1993,0.775745877,2,0.46774,False,1993
Solomon Islands,1994,0.775745877,2,0.46774,False,1994
Solomon Islands,1995,0.775745877,2,0.46774,True,1995
Solomon Islands,1996,0.775745877,2,0.46774,True,1996
Solomon Islands,1997,0.775745877,2,0.507720297,True,1997
Solomon Islands,1999,0.775745877,2,0.507720297,False,1999
Solomon Islands,2000,0.775745877,4,0.507720297,False,2000
Solomon Islands,2001,0.775745877,4,0.653762427,False,2001
Solomon Islands,2002,0.775745877,3,0.653762427,False,2002
Solomon Islands,2010,0.588423455,3,0.828293878,False,2010
Solomon Islands,2011,0.588423455,3,0.828293878,False,2011
Solomon Islands,2012,0.588423455,3,0.828293878,False,2012
Solomon Islands,2013,0.588423455,3,0.828293878,False,2013
South Africa,1994,0.547409092,3,0.524826791,False,1994
South Africa,1995,0.547409092,2,0.524826791,False,1995
South Africa,1996,0.547409092,2,0.524826791,False,1996
South Africa,1997,0.547409092,2,0.524826791,False,1997
South Africa,1998,0.547409092,2,0.524826791,False,1998
South Africa,1999,0.537554105,2,0.392044987,False,1999
South Africa,2000,0.537554105,2,0.392044987,False,2000
South Africa,2001,0.537554105,2,0.392044987,False,2001
South Africa,2002,0.537554105,2,0.392044987,False,2002
South Africa,2003,0.537554105,2,0.392044987,False,2003
South Africa,2004,0.537554105,2,0.42578637,False,2004
South Africa,2005,0.537554105,2,0.42578637,False,2005
South Africa,2006,0.537554105,2,0.42578637,False,2006
South Africa,2007,0.537554105,2,0.42578637,False,2007
South Africa,2008,0.537554105,2,0.42578637,False,2008
South Africa,2009,0.537554105,2,0.453039072,False,2009
Spain,1977,0.811045413,3,0.6468236,False,1977
Spain,1978,0.811045413,2,0.6468236,False,1978
Spain,1979,0.823160346,2,0.721628424,False,1979
Spain,1980,0.823160346,3,0.721628424,False,1980
Spain,1983,0.856051486,2,0.706997329,False,1983
Spain,1984,0.856051486,2,0.706997329,False,1984
Spain,1985,0.856051486,2,0.706997329,False,1985
Spain,1986,0.808691216,2,0.754627691,False,1986
Spain,1987,0.808691216,2,0.735102552,False,1987
Spain,1988,0.808691216,2,0.735102552,False,1988
Spain,1989,0.86412306,1,0.764739622,False,1989
Spain,1990,0.86412306,1,0.764739622,False,1990
Spain,1991,0.86412306,1,0.764739622,False,1991
Spain,1992,0.86412306,1,0.764739622,False,1992
Spain,1993,0.818713006,2,0.788301615,False,1993
Spain,1994,0.818713006,2,0.797972625,False,1994
Spain,1995,0.818713006,2,0.797972625,False,1995
Spain,1996,0.805001144,2,0.802398426,False,1996
Spain,1997,0.805001144,2,0.802398426,False,1997
Spain,1998,0.805001144,2,0.802398426,False,1998
Spain,1999,0.805001144,2,0.837849949,False,1999
Spain,2000,0.727266814,2,0.837315772,False,2000
Spain,2001,0.727266814,2,0.837315772,False,2001
Spain,2002,0.727266814,1,0.837315772,False,2002
Spain,2003,0.727266814,1,0.837315772,False,2003
Spain,2004,0.779907327,1,0.805409484,False,2004
Spain,2005,0.779907327,1,0.805409484,False,2005
Spain,2006,0.779907327,1,0.805409484,False,2006
Spain,2007,0.779907327,1,0.805409484,False,2007
Spain,2008,0.740261686,1,0.7371491,False,2008
Spain,2009,0.740261686,1,0.765488568,False,2009
Spain,2010,0.740261686,1,0.765488568,False,2010
Spain,2011,0.740261686,1,0.76545814,False,2011
Spain,2012,0.740261686,1,0.76545814,False,2012
Spain,2013,0.740261686,1,0.76545814,False,2013
Sweden,1972,0.712549242,1,0.701982722,False,1972
Sweden,1973,0.714787931,1,0.699361107,False,1973
Sweden,1974,0.714787931,1,0.699361107,False,1974
Sweden,1975,0.714787931,1,0.699361107,False,1975
Sweden,1976,0.720248845,1,0.72328822,False,1976
Sweden,1977,0.720248845,1,0.72328822,False,1977
Sweden,1978,0.720248845,1,0.72328822,False,1978
Sweden,1979,0.724380958,1,0.728350349,False,1979
Sweden,1980,0.724380958,1,0.728350349,False,1980
Sweden,1983,0.704950229,1,0.736407382,False,1983
Sweden,1984,0.704950229,1,0.736407382,False,1984
Sweden,1985,0.716054749,1,0.748417347,False,1985
Sweden,1986,0.716054749,1,0.748417347,False,1986
Sweden,1987,0.716054749,1,0.748417347,False,1987
Sweden,1988,0.744796924,1,0.750282066,False,1988
Sweden,1989,0.744796924,1,0.750282066,False,1989
Sweden,1990,0.744796924,1,0.750282066,False,1990
Sweden,1991,0.781305914,1,0.744232111,False,1991
Sweden,1992,0.781305914,1,0.744232111,False,1992
Sweden,1993,0.781305914,1,0.744232111,False,1993
Sweden,1994,0.725883767,1,0.739874771,False,1994
Sweden,1995,0.725883767,1,0.74219681,False,1995
Sweden,1996,0.725883767,1,0.74219681,False,1996
Sweden,1997,0.725883767,1,0.74219681,False,1997
Sweden,1998,0.779311646,1,0.746075991,False,1998
Sweden,1999,0.779311646,1,0.752387893,False,1999
Sweden,2000,0.779311646,1,0.752387893,False,2000
Sweden,2001,0.779311646,1,0.752387893,False,2001
Sweden,2002,0.777574688,1,0.753229763,False,2002
Sweden,2003,0.777574688,1,0.753229763,False,2003
Sweden,2004,0.777574688,1,0.75923176,False,2004
Sweden,2005,0.777574688,1,0.75923176,False,2005
Sweden,2006,0.783120222,1,0.758943655,False,2006
Sweden,2007,0.783120222,1,0.758943655,False,2007
Sweden,2008,0.783120222,1,0.758943655,False,2008
Sweden,2009,0.783120222,1,0.762365462,False,2009
Sweden,2010,0.783120222,1,0.759594781,False,2010
Sweden,2011,0.783120222,1,0.759594781,False,2011
Sweden,2012,0.783120222,1,0.759594781,False,2012
Sweden,2013,0.783120222,1,0.759594781,False,2013
Switzerland,1972,0.835991435,1,0.571217671,False,1972
Switzerland,1973,0.835991435,1,0.571217671,False,1973
Switzerland,1974,0.835991435,1,0.571217671,False,1974
Switzerland,1975,0.827323336,1,0.589272185,False,1975
Switzerland,1976,0.827323336,1,0.589272185,False,1976
Switzerland,1977,0.827323336,1,0.589272185,False,1977
Switzerland,1978,0.827323336,1,0.589272185,False,1978
Switzerland,1979,0.819374929,1,0.613882086,False,1979
Switzerland,1980,0.819374929,1,0.613882086,False,1980
Switzerland,1983,0.834608592,1,0.633861927,False,1983
Switzerland,1984,0.834608592,1,0.633861927,False,1984
Switzerland,1985,0.834608592,1,0.633861927,False,1985
Switzerland,1986,0.834608592,1,0.633861927,False,1986
Switzerland,1987,0.854820806,1,0.64390895,False,1987
Switzerland,1988,0.854820806,1,0.64390895,False,1988
Switzerland,1989,0.854820806,1,0.64390895,False,1989
Switzerland,1990,0.854820806,1,0.64390895,False,1990
Switzerland,1991,0.864400298,1,0.66325213,False,1991
Switzerland,1992,0.864400298,1,0.66325213,False,1992
Switzerland,1993,0.864400298,1,0.66325213,False,1993
Switzerland,1994,0.864400298,1,0.66325213,False,1994
Switzerland,1995,0.853709518,1,0.652841394,False,1995
Switzerland,1996,0.853709518,1,0.652841394,False,1996
Switzerland,1997,0.853709518,1,0.652841394,False,1997
Switzerland,1998,0.853709518,1,0.652841394,False,1998
Switzerland,1999,0.829131779,1,0.64797363,False,1999
Switzerland,2000,0.829131779,1,0.64797363,False,2000
Switzerland,2001,0.829131779,1,0.64797363,False,2001
Switzerland,2002,0.829131779,1,0.64797363,False,2002
Switzerland,2003,0.816707724,1,0.651292813,False,2003
Switzerland,2004,0.816707724,1,0.651292813,False,2004
Switzerland,2005,0.816707724,1,0.651292813,False,2005
Switzerland,2006,0.816707724,1,0.651292813,False,2006
Switzerland,2007,0.821521208,1,0.650926978,False,2007
Switzerland,2008,0.821521208,1,0.650926978,False,2008
Switzerland,2009,0.821521208,1,0.650926978,False,2009
Switzerland,2010,0.821521208,1,0.650926978,False,2010
Switzerland,2011,0.821521208,1,0.634575784,False,2011
Switzerland,2012,0.821521208,1,0.634575784,False,2012
Switzerland,2013,0.821521208,1,0.634575784,False,2013
Trinidad and Tobago,1972,0.275546602,3,0.357496486,False,1972
Trinidad and Tobago,1973,0.275546602,2,0.357496486,False,1973
Trinidad and Tobago,1974,0.275546602,2,0.357496486,False,1974
Trinidad and Tobago,1975,0.275546602,2,0.357496486,False,1975
Trinidad and Tobago,1976,0.622505736,2,0.529796712,False,1976
Trinidad and Tobago,1977,0.622505736,2,0.529796712,False,1977
Trinidad and Tobago,1978,0.622505736,2,0.529796712,False,1978
Trinidad and Tobago,1979,0.622505736,2,0.529796712,False,1979
Trinidad and Tobago,1980,0.622505736,2,0.529796712,False,1980
Trinidad and Tobago,1983,0.644119048,2,0.644232815,False,1983
Trinidad and Tobago,1984,0.644119048,2,0.644232815,False,1984
Trinidad and Tobago,1985,0.644119048,2,0.644232815,False,1985
Trinidad and Tobago,1986,0.457693755,2,0.725147253,False,1986
Trinidad and Tobago,1987,0.457693755,1,0.725147253,False,1987
Trinidad and Tobago,1988,0.457693755,1,0.725147253,False,1988
Trinidad and Tobago,1989,0.457693755,1,0.725147253,False,1989
Trinidad and Tobago,1990,0.457693755,1,0.725147253,False,1990
Trinidad and Tobago,1991,0.650857099,1,0.622550102,False,1991
Trinidad and Tobago,1992,0.650857099,1,0.622550102,False,1992
Trinidad and Tobago,1993,0.650857099,1,0.622550102,False,1993
Trinidad and Tobago,1994,0.650857099,2,0.622550102,False,1994
Trinidad and Tobago,1995,0.550572562,2,0.640587245,False,1995
Trinidad and Tobago,1996,0.550572562,2,0.640587245,False,1996
Trinidad and Tobago,1997,0.550572562,2,0.640587245,False,1997
Trinidad and Tobago,1998,0.550572562,2,0.640587245,False,1998
Trinidad and Tobago,1999,0.550572562,2,0.640587245,False,1999
Trinidad and Tobago,2000,0.516338702,2,0.711378249,False,2000
Trinidad and Tobago,2001,0.533968827,3,0.634880911,False,2001
Trinidad and Tobago,2002,0.521155383,3,0.650327458,False,2002
Trinidad and Tobago,2003,0.521155383,3,0.650327458,False,2003
Trinidad and Tobago,2004,0.521155383,3,0.650327458,False,2004
Trinidad and Tobago,2005,0.521155383,2,0.650327458,False,2005
Trinidad and Tobago,2006,0.521155383,2,0.650327458,False,2006
Trinidad and Tobago,2007,0.521155383,2,0.715075503,False,2007
Trinidad and Tobago,2008,0.521155383,2,0.715075503,False,2008
Trinidad and Tobago,2009,0.521155383,2,0.715075503,False,2009
Trinidad and Tobago,2010,0.521155383,2,0.737476725,False,2010
Trinidad and Tobago,2011,0.521155383,2,0.737476725,False,2011
Trinidad and Tobago,2012,0.521155383,2,0.737476725,False,2012
Turkey,1972,0.697179428,4,0.425895324,False,1972
Turkey,1973,0.767260027,4,0.441701558,False,1973
Turkey,1974,0.767260027,3,0.441701558,False,1974
Turkey,1975,0.767260027,3,0.441701558,True,1975
Turkey,1976,0.767260027,3,0.441701558,True,1976
Turkey,1977,0.6799151,3,0.50741237,True,1977
Turkey,1978,0.6799151,3,0.50741237,True,1978
Turkey,1979,0.6799151,3,0.50741237,True,1979
Turkey,1980,0.6799151,5,0.50741237,False,1980
Turkey,1983,0.649146119,5,0.419764133,False,1983
Turkey,1984,0.649146119,5,0.419764133,False,1984
Turkey,1985,0.649146119,5,0.419764133,False,1985
Turkey,1986,0.649146119,4,0.419764133,False,1986
Turkey,1987,0.75697462,4,0.514652304,False,1987
Turkey,1988,0.75697462,4,0.514652304,False,1988
Turkey,1989,0.75697462,3,0.514652304,True,1989
Turkey,1990,0.75697462,4,0.514652304,True,1990
Turkey,1991,0.795044539,4,0.541881252,True,1991
Turkey,1992,0.795044539,4,0.541881252,True,1992
Turkey,1993,0.795044539,4,0.541881252,True,1993
Turkey,1994,0.795044539,5,0.541881252,True,1994
Turkey,1995,0.837475851,5,0.575944213,True,1995
Turkey,1996,0.837475851,5,0.575944213,True,1996
Turkey,1997,0.837475851,5,0.575944213,False,1997
Turkey,1998,0.837475851,5,0.575944213,False,1998
Turkey,1999,0.852440273,5,0.593440813,False,1999
Turkey,2000,0.852440273,5,0.593440813,False,2000
Turkey,2001,0.852440273,5,0.593440813,False,2001
Turkey,2002,0.815774981,4,0.627460937,False,2002
Turkey,2003,0.815774981,4,0.627460937,False,2003
Turkey,2004,0.815774981,3,0.627460937,False,2004
Turkey,2005,0.815774981,3,0.627460937,False,2005
Turkey,2006,0.815774981,3,0.627460937,False,2006
Turkey,2007,0.815774981,3,0.607314798,False,2007
Turkey,2008,0.815774981,3,0.607314798,False,2008
Turkey,2009,0.815774981,3,0.607314798,True,2009
Turkey,2010,0.815774981,3,0.607314798,True,2010
Turkey,2011,0.815774981,3,0.711945988,True,2011
Turkey,2012,0.815774981,4,0.711945988,True,2012
United Kingdom,1972,0.610871249,1,0.706808106,False,1972
United Kingdom,1973,0.610871249,1,0.706808106,False,1973
United Kingdom,1974,0.696049814,1,0.712700921,False,1974
United Kingdom,1975,0.696049814,1,0.712700921,False,1975
United Kingdom,1976,0.696049814,1,0.712700921,False,1976
United Kingdom,1977,0.696049814,1,0.712700921,False,1977
United Kingdom,1978,0.696049814,1,0.712700921,False,1978
United Kingdom,1979,0.662851451,1,0.730640961,False,1979
United Kingdom,1980,0.662851451,1,0.730640961,False,1980
United Kingdom,1983,0.715220654,1,0.749031621,False,1983
United Kingdom,1984,0.715220654,1,0.761737076,False,1984
United Kingdom,1985,0.715220654,1,0.761737076,False,1985
United Kingdom,1986,0.715220654,1,0.761737076,False,1986
United Kingdom,1987,0.704923483,1,0.76018773,False,1987
United Kingdom,1988,0.704923483,1,0.76018773,False,1988
United Kingdom,1989,0.704923483,1,0.765891935,False,1989
United Kingdom,1990,0.704923483,2,0.765891935,False,1990
United Kingdom,1991,0.704923483,2,0.765891935,False,1991
United Kingdom,1992,0.704923483,2,0.75095236,False,1992
United Kingdom,1993,0.704923483,2,0.75095236,False,1993
United Kingdom,1994,0.704923483,2,0.750808749,False,1994
United Kingdom,1995,0.704923483,2,0.750808749,False,1995
United Kingdom,1996,0.704923483,2,0.750808749,False,1996
United Kingdom,1997,0.707198305,2,0.750818882,False,1997
United Kingdom,1998,0.707198305,2,0.750818882,False,1998
United Kingdom,1999,0.707198305,2,0.758385691,False,1999
United Kingdom,2000,0.707198305,2,0.758385691,False,2000
United Kingdom,2001,0.715848631,2,0.751032484,False,2001
United Kingdom,2002,0.715848631,1,0.751032484,False,2002
United Kingdom,2003,0.715848631,1,0.751032484,False,2003
United Kingdom,2004,0.715848631,1,0.736016344,False,2004
United Kingdom,2005,0.721720096,1,0.732512497,False,2005
United Kingdom,2006,0.721720096,1,0.732512497,False,2006
United Kingdom,2007,0.721720096,1,0.732512497,False,2007
United Kingdom,2008,0.721720096,1,0.732512497,False,2008
United Kingdom,2009,0.721720096,1,0.727701132,False,2009
United Kingdom,2010,0.721720096,1,0.72651226,False,2010
United Kingdom,2011,0.721720096,1,0.72651226,True,2011
United Kingdom,2012,0.721720096,1,0.72651226,True,2012
United Kingdom,2013,0.721720096,1,0.72651226,True,2013
United States,1986,0.512176512,1,0.493070475,False,1986
United States,1987,0.512176512,1,0.493070475,False,1987
United States,1988,0.511333002,1,0.516862519,False,1988
United States,1989,0.511333002,1,0.516862519,False,1989
United States,1990,0.536674528,1,0.485180619,False,1990
United States,1991,0.536674528,1,0.485180619,False,1991
United States,1992,0.549815111,1,0.521680884,False,1992
United States,1993,0.549815111,1,0.521680884,False,1993
United States,1994,0.534028879,1,0.495206216,False,1994
United States,1995,0.534028879,1,0.495206216,False,1995
United States,1996,0.539843681,1,0.542745709,False,1996
United States,1997,0.539843681,1,0.542745709,False,1997
United States,1998,0.548590263,1,0.514174506,False,1998
United States,1999,0.548590263,1,0.514174506,False,1999
United States,2000,0.556415789,1,0.554389322,False,2000
United States,2001,0.556415789,1,0.554389322,False,2001
United States,2002,0.556415789,1,0.566627074,False,2002
United States,2003,0.556415789,1,0.566627074,False,2003
United States,2004,0.556415789,1,0.605365743,False,2004
United States,2005,0.556415789,1,0.605365743,False,2005
United States,2006,0.556415789,1,0.579175776,False,2006
United States,2007,0.556415789,1,0.579175776,False,2007
United States,2008,0.556415789,1,0.626351431,False,2008
United States,2009,0.556415789,1,0.626351431,False,2009
United States,2010,0.556415789,1,0.604187858,False,2010
Venezuela,1972,0.825062486,2,0.387422368,False,1972
Venezuela,1973,0.702299878,2,0.381256384,False,1973
Venezuela,1974,0.702299878,2,0.381256384,False,1974
Venezuela,1975,0.702299878,2,0.381256384,False,1975
Venezuela,1976,0.702299878,2,0.381256384,False,1976
Venezuela,1977,0.702299878,2,0.381256384,False,1977
Venezuela,1978,0.677800652,2,0.433039815,False,1978
Venezuela,1979,0.677800652,2,0.433039815,False,1979
Venezuela,1980,0.677800652,2,0.433039815,False,1980
Venezuela,1983,0.662851711,2,0.471118912,False,1983
Venezuela,1984,0.662851711,2,0.471118912,False,1984
Venezuela,1985,0.662851711,2,0.471118912,False,1985
Venezuela,1986,0.662851711,2,0.471118912,False,1986
Venezuela,1987,0.662851711,2,0.471118912,True,1987
Venezuela,1988,0.685731294,2,0.488578509,True,1988
Venezuela,1989,0.685731294,3,0.488578509,True,1989
Venezuela,1990,0.685731294,3,0.488578509,True,1990
Venezuela,1991,0.685731294,3,0.488578509,True,1991
Venezuela,1992,0.685731294,3,0.488578509,False,1992
Venezuela,1993,0.685731294,3,0.457655182,False,1993
Venezuela,1994,0.685731294,3,0.457655182,True,1994
Venezuela,1995,0.685731294,3,0.457655182,True,1995
Venezuela,1996,0.685731294,3,0.457655182,True,1996
Venezuela,1997,0.685731294,3,0.457655182,True,1997
Venezuela,1998,0.685731294,3,0.468081051,True,1998
